"n_adcirc","mean_spacing_km","mu_rmse_joint","logsig_rmse_joint","xi_rmse_joint","rl_rmse_joint","rl_rmse_noaa","rl_rmse_reduction_pct","total_lpd_joint","total_lpd_noaa","lpd_gain","joint_wins"
5,980.916667312516,0.318682516974824,0.208666203910746,0.140622243193395,0.512865797485502,0.624330878448365,17.8535268413897,6.36930797757537,-2.45243407854569,8.82174205612106,24
10,407.758311168822,0.308818356136886,0.208961568534361,0.138407546510709,0.526063668331606,0.624330878448365,15.7396043522596,6.27789769986033,-2.45243407854569,8.73033177840602,25
15,287.498288950407,0.305626338610618,0.209103914815548,0.132091786299477,0.499290819703791,0.624330878448365,20.0278511060245,8.02149967424338,-2.45243407854569,10.4739337527891,23
25,188.48320379196,0.298160050636313,0.197276703003657,0.132000355099421,0.500229753282463,0.624330878448365,19.8774607263263,10.7245867371664,-2.45243407854569,13.1770208157121,23
50,97.1196868930002,0.256761609804593,0.191811088920589,0.125120321684661,0.453413441683936,0.624330878448365,27.3760985824065,19.1371113937291,-2.45243407854569,21.5895454722748,26
75,72.0017871959953,0.145531552970266,0.196866272162867,0.130117617802148,0.409294500041376,0.624330878448365,34.4426947040348,29.9284813446532,-2.45243407854569,32.3809154231989,28
100,54.9693937395743,0.137538457692255,0.215295254325839,0.125093653795293,0.409527033669798,0.624330878448365,34.4054494489227,30.1270191692438,-2.45243407854569,32.5794532477895,27
